{
  "metric_version": "phi-reliability-v1",
  "generated_at": "2026-07-18T14:04:27.376Z",
  "input_path": "/Users/paulonascimento/.phyllos-private/pi5-v02/tests/fixtures/phi-smoke-v3-runs.jsonl",
  "overall": {
    "n_total": 101,
    "n_valid": 101,
    "n_success": 74,
    "observed_success": 0.7326732673267327,
    "wilson_lower_95": 0.6390055396933065,
    "wilson_upper_95": 0.8092903971305228,
    "conservative_reliability": 0.6390055396933065,
    "response_coverage": 1,
    "selective_risk": 0.26732673267326734,
    "abstention_recall": null,
    "abstention_precision": null,
    "critical_error_rate": null,
    "hallucination_run_rate": null,
    "unsupported_claim_rate": null,
    "brier_score": 0.22261448997925604,
    "expected_calibration_error": 0.16337520466027322,
    "calibration_bins": [
      {
        "lower": 0.5,
        "upper": 0.6,
        "count": 101,
        "confidence": 0.5692980626664594,
        "accuracy": 0.7326732673267327,
        "gap": 0.16337520466027322
      }
    ],
    "latency_ms": {
      "p50": null,
      "p95": null,
      "p99": null
    },
    "classification": {
      "n": 101,
      "top1_accuracy": 0.5445544554455446,
      "top3_accuracy": 0.8712871287128713
    }
  },
  "groups": [
    {
      "configuration_id": "pi5-smoke-synthetic-v3",
      "scenario_id": "S01",
      "task_family": "pi5_score_and_category",
      "n_total": 101,
      "n_valid": 101,
      "n_success": 74,
      "observed_success": 0.7326732673267327,
      "wilson_lower_95": 0.6390055396933065,
      "wilson_upper_95": 0.8092903971305228,
      "conservative_reliability": 0.6390055396933065,
      "response_coverage": 1,
      "selective_risk": 0.26732673267326734,
      "abstention_recall": null,
      "abstention_precision": null,
      "critical_error_rate": null,
      "hallucination_run_rate": null,
      "unsupported_claim_rate": null,
      "brier_score": 0.22261448997925604,
      "expected_calibration_error": 0.16337520466027322,
      "calibration_bins": [
        {
          "lower": 0.5,
          "upper": 0.6,
          "count": 101,
          "confidence": 0.5692980626664594,
          "accuracy": 0.7326732673267327,
          "gap": 0.16337520466027322
        }
      ],
      "latency_ms": {
        "p50": null,
        "p95": null,
        "p99": null
      },
      "classification": {
        "n": 101,
        "top1_accuracy": 0.5445544554455446,
        "top3_accuracy": 0.8712871287128713
      }
    }
  ],
  "report_hash": "6e8aa245b496cf0d82e020dbea3a2008535d66c6311e3ace701c4d4c65318991"
}
